N,ins,M,T,Gamma0,Gamma1,steps,results
60,0,5,0.1,1000,0.001,100,533,535,535,534,533,536,534,536,536,535
60,1,5,0.1,1000,0.001,100,528,531,531,528,527,531,532,532,524,532
60,2,5,0.1,1000,0.001,100,527,525,527,527,522,528,521,529,526,527
60,3,5,0.1,1000,0.001,100,538,535,536,538,538,528,538,538,532,538
60,4,5,0.1,1000,0.001,100,525,524,525,524,524,518,512,524,527,524
60,5,5,0.1,1000,0.001,100,533,526,529,528,524,533,533,523,533,529
60,6,5,0.1,1000,0.001,100,531,529,529,528,526,530,526,529,531,528
60,7,5,0.1,1000,0.001,100,528,532,525,535,534,534,531,527,534,532
60,8,5,0.1,1000,0.001,100,525,526,528,529,516,525,525,516,527,526
60,9,5,0.1,1000,0.001,100,532,531,527,533,528,532,529,531,532,533
60,0,5,0.1,1000,1e-06,100,536,527,536,535,535,534,536,536,526,536
60,1,5,0.1,1000,1e-06,100,525,531,521,532,525,524,531,530,528,532
60,2,5,0.1,1000,1e-06,100,524,526,528,527,527,528,528,528,528,525
60,3,5,0.1,1000,1e-06,100,538,534,535,538,527,528,538,530,538,538
60,4,5,0.1,1000,1e-06,100,524,524,521,527,526,522,522,522,520,523
60,5,5,0.1,1000,1e-06,100,533,533,533,533,529,528,524,533,528,532
60,6,5,0.1,1000,1e-06,100,527,526,528,530,528,528,524,528,526,529
60,7,5,0.1,1000,1e-06,100,535,523,534,533,530,530,535,535,534,535
60,8,5,0.1,1000,1e-06,100,525,524,527,527,522,528,528,524,526,526
60,9,5,0.1,1000,1e-06,100,532,532,533,531,532,531,526,532,531,532
60,0,5,0.1,10,0.001,100,536,536,535,536,532,535,534,533,533,532
60,1,5,0.1,10,0.001,100,532,530,529,523,529,531,522,526,531,528
60,2,5,0.1,10,0.001,100,522,527,528,522,519,528,528,528,526,528
60,3,5,0.1,10,0.001,100,538,536,536,538,538,529,536,533,534,535
60,4,5,0.1,10,0.001,100,522,527,526,527,527,522,527,527,520,522
60,5,5,0.1,10,0.001,100,528,531,533,526,533,533,531,533,533,533
60,6,5,0.1,10,0.001,100,529,526,523,526,530,527,531,523,526,526
60,7,5,0.1,10,0.001,100,532,535,530,535,535,527,535,532,532,532
60,8,5,0.1,10,0.001,100,530,526,528,518,526,526,523,527,530,528
60,9,5,0.1,10,0.001,100,530,531,533,531,528,529,530,533,532,530
60,0,5,0.1,10,1e-06,100,536,534,535,533,532,534,536,536,526,535
60,1,5,0.1,10,1e-06,100,526,532,524,529,531,532,531,527,532,528
60,2,5,0.1,10,1e-06,100,528,528,527,525,527,529,526,522,527,526
60,3,5,0.1,10,1e-06,100,536,530,528,536,538,531,538,538,538,537
60,4,5,0.1,10,1e-06,100,525,525,522,524,524,527,520,523,525,522
60,5,5,0.1,10,1e-06,100,525,533,533,528,523,532,526,533,518,533
60,6,5,0.1,10,1e-06,100,530,526,526,526,525,531,527,518,526,525
60,7,5,0.1,10,1e-06,100,535,534,533,525,535,532,532,535,529,534
60,8,5,0.1,10,1e-06,100,527,525,522,525,528,524,518,527,524,523
60,9,5,0.1,10,1e-06,100,532,532,532,533,533,531,533,533,531,533
60,0,17,0.1,1000,0.001,100,526,536,535,536,532,536,535,534,469,535
60,1,17,0.1,1000,0.001,100,526,531,519,532,530,532,532,530,516,517
60,2,17,0.1,1000,0.001,100,527,529,529,529,529,528,529,529,528,529
60,3,17,0.1,1000,0.001,100,529,536,514,520,536,534,527,538,536,536
60,4,17,0.1,1000,0.001,100,527,523,523,527,524,523,527,499,527,527
60,5,17,0.1,1000,0.001,100,533,531,533,533,533,533,533,511,528,533
60,6,17,0.1,1000,0.001,100,515,529,529,529,529,529,529,530,523,521
60,7,17,0.1,1000,0.001,100,535,512,535,528,535,535,535,534,519,535
60,8,17,0.1,1000,0.001,100,525,526,525,528,514,527,527,525,528,528
60,9,17,0.1,1000,0.001,100,533,530,533,532,532,532,531,532,532,533
60,0,17,0.1,1000,1e-06,100,536,522,515,536,535,535,535,536,535,531
60,1,17,0.1,1000,1e-06,100,532,523,532,532,532,532,527,530,532,532
60,2,17,0.1,1000,1e-06,100,526,528,525,527,523,529,525,526,525,525
60,3,17,0.1,1000,1e-06,100,536,536,532,534,536,536,536,535,538,525
60,4,17,0.1,1000,1e-06,100,522,522,527,525,527,527,526,522,526,527
60,5,17,0.1,1000,1e-06,100,533,525,532,533,533,533,532,532,529,531
60,6,17,0.1,1000,1e-06,100,531,530,530,529,530,530,528,528,529,529
60,7,17,0.1,1000,1e-06,100,529,534,532,532,477,535,535,529,535,535
60,8,17,0.1,1000,1e-06,100,526,526,523,524,528,527,528,526,526,525
60,9,17,0.1,1000,1e-06,100,533,532,533,532,533,531,530,532,472,533
60,0,17,0.1,10,0.001,100,535,525,535,535,534,535,535,535,536,534
60,1,17,0.1,10,0.001,100,532,532,532,531,531,532,532,530,532,532
60,2,17,0.1,10,0.001,100,526,529,529,527,528,527,528,529,528,528
60,3,17,0.1,10,0.001,100,532,538,529,521,538,538,538,536,536,536
60,4,17,0.1,10,0.001,100,527,527,527,527,527,526,527,526,527,527
60,5,17,0.1,10,0.001,100,529,529,533,533,533,533,522,533,533,526
60,6,17,0.1,10,0.001,100,528,531,529,529,513,529,530,530,530,530
60,7,17,0.1,10,0.001,100,535,530,535,535,534,535,535,532,533,534
60,8,17,0.1,10,0.001,100,525,528,527,530,525,528,527,524,528,530
60,9,17,0.1,10,0.001,100,533,532,533,531,533,533,532,532,533,531
60,0,17,0.1,10,1e-06,100,536,535,535,528,535,534,536,535,517,535
60,1,17,0.1,10,1e-06,100,531,532,529,531,531,523,532,531,532,531
60,2,17,0.1,10,1e-06,100,527,527,523,528,529,527,528,529,527,520
60,3,17,0.1,10,1e-06,100,535,538,531,537,536,536,532,536,538,520
60,4,17,0.1,10,1e-06,100,526,527,527,527,527,523,527,527,525,523
60,5,17,0.1,10,1e-06,100,529,533,527,529,533,532,533,526,530,528
60,6,17,0.1,10,1e-06,100,529,525,529,530,529,525,528,529,529,527
60,7,17,0.1,10,1e-06,100,534,532,534,535,529,535,535,535,533,533
60,8,17,0.1,10,1e-06,100,526,530,530,525,523,523,525,525,526,522
60,9,17,0.1,10,1e-06,100,532,528,533,500,533,532,533,533,532,533
60,0,5,1,10,0.001,100,526,521,528,526,517,532,528,530,506,526
60,1,5,1,10,0.001,100,517,509,513,513,520,523,519,512,511,509
60,2,5,1,10,0.001,100,519,525,511,510,516,513,516,518,514,504
60,3,5,1,10,0.001,100,522,531,533,530,530,511,528,520,529,522
60,4,5,1,10,0.001,100,509,522,507,512,516,515,523,508,500,509
60,5,5,1,10,0.001,100,514,516,517,520,508,515,523,523,526,515
60,6,5,1,10,0.001,100,513,513,513,523,523,511,524,513,520,516
60,7,5,1,10,0.001,100,520,527,511,519,528,517,519,526,526,519
60,8,5,1,10,0.001,100,509,519,514,517,510,517,519,512,520,523
60,9,5,1,10,0.001,100,530,532,525,527,526,521,521,529,524,529
60,0,5,0.1,10,0.001,100,532,536,535,534,535,536,536,535,536,534
60,1,5,0.1,10,0.001,100,523,518,530,531,532,528,529,525,532,532
60,2,5,0.1,10,0.001,100,528,527,526,528,528,527,528,529,521,525
60,3,5,0.1,10,0.001,100,537,529,526,536,536,538,537,538,538,529
60,4,5,0.1,10,0.001,100,527,527,521,526,523,524,527,524,521,524
60,5,5,0.1,10,0.001,100,533,533,521,525,529,528,532,533,533,528
60,6,5,0.1,10,0.001,100,530,529,529,526,528,527,531,530,529,529
60,7,5,0.1,10,0.001,100,532,535,535,535,528,535,535,535,535,535
60,8,5,0.1,10,0.001,100,525,528,530,528,530,530,528,522,526,528
60,9,5,0.1,10,0.001,100,528,532,533,532,532,533,532,533,533,532
60,0,5,0.01,10,0.001,100,493,521,517,506,521,526,505,512,498,505
60,1,5,0.01,10,0.001,100,519,506,523,490,515,500,495,517,525,518
60,2,5,0.01,10,0.001,100,491,487,507,510,512,520,502,504,503,506
60,3,5,0.01,10,0.001,100,514,516,515,519,508,517,489,527,521,518
60,4,5,0.01,10,0.001,100,499,487,500,506,492,498,513,494,504,513
60,5,5,0.01,10,0.001,100,503,502,520,481,512,506,516,523,513,491
60,6,5,0.01,10,0.001,100,511,518,507,514,522,519,514,526,520,507
60,7,5,0.01,10,0.001,100,526,524,506,483,518,522,523,517,509,502
60,8,5,0.01,10,0.001,100,499,511,480,484,495,507,517,508,498,508
60,9,5,0.01,10,0.001,100,532,510,490,517,505,507,501,487,493,508
60,0,17,0.1,10,0.001,100,531,536,535,535,535,536,524,535,535,536
60,1,17,0.1,10,0.001,100,517,532,531,532,531,520,532,532,532,532
60,2,17,0.1,10,0.001,100,527,528,529,529,527,528,529,529,528,529
60,3,17,0.1,10,0.001,100,515,538,527,536,538,503,536,538,536,536
60,4,17,0.1,10,0.001,100,527,527,527,527,527,517,526,526,527,526
60,5,17,0.1,10,0.001,100,533,530,533,533,533,533,532,533,533,532
60,6,17,0.1,10,0.001,100,528,529,530,527,528,531,531,522,531,529
60,7,17,0.1,10,0.001,100,534,534,535,498,535,535,535,534,535,532
60,8,17,0.1,10,0.001,100,527,526,524,526,528,530,530,528,526,524
60,9,17,0.1,10,0.001,100,531,532,532,533,533,533,533,532,527,531
60,0,65,0.1,10,0.001,100,531,530,536,532,535,531,526,534,534,536
60,1,65,0.1,10,0.001,100,513,532,509,528,530,532,532,532,529,496
60,2,65,0.1,10,0.001,100,523,521,528,515,528,517,523,526,525,524
60,3,65,0.1,10,0.001,100,527,536,524,536,538,537,490,536,536,536
60,4,65,0.1,10,0.001,100,520,523,527,524,478,525,520,527,519,492
60,5,65,0.1,10,0.001,100,522,525,531,529,494,532,530,531,530,532
60,6,65,0.1,10,0.001,100,526,523,529,508,507,529,524,527,503,516
60,7,65,0.1,10,0.001,100,523,497,533,532,483,534,529,531,516,530
60,8,65,0.1,10,0.001,100,526,523,523,520,515,528,526,509,527,527
60,9,65,0.1,10,0.001,100,532,533,523,513,532,527,530,531,530,529
60,0,9,0.1,10,0.001,1000,536,535,536,536,535,535,536,536,536,536
60,1,9,0.1,10,0.001,1000,532,530,531,531,532,532,532,531,532,532
60,2,9,0.1,10,0.001,1000,529,529,529,529,529,527,529,529,528,529
60,3,9,0.1,10,0.001,1000,527,538,535,538,538,538,538,538,538,538
60,4,9,0.1,10,0.001,1000,527,527,527,527,524,527,527,527,527,527
60,5,9,0.1,10,0.001,1000,533,528,533,533,533,531,533,533,533,533
60,6,9,0.1,10,0.001,1000,528,531,531,531,528,531,531,530,529,528
60,7,9,0.1,10,0.001,1000,535,535,535,535,534,535,535,535,522,534
60,8,9,0.1,10,0.001,1000,527,530,530,530,530,530,530,530,530,530
60,9,9,0.1,10,0.001,1000,532,533,532,533,532,532,533,532,532,533
60,0,33,0.1,10,0.001,1000,536,536,532,536,536,536,536,536,535,536
60,1,33,0.1,10,0.001,1000,532,531,532,531,532,531,531,532,532,531
60,2,33,0.1,10,0.001,1000,529,529,529,529,529,529,529,529,528,528
60,3,33,0.1,10,0.001,1000,538,538,536,538,538,538,538,538,538,536
60,4,33,0.1,10,0.001,1000,527,527,527,527,527,527,527,527,527,527
60,5,33,0.1,10,0.001,1000,533,532,533,531,533,533,533,533,533,533
60,6,33,0.1,10,0.001,1000,530,531,530,530,530,531,531,529,530,531
60,7,33,0.1,10,0.001,1000,535,535,535,535,535,535,535,531,535,535
60,8,33,0.1,10,0.001,1000,530,530,528,530,530,526,530,530,530,530
60,9,33,0.1,10,0.001,1000,533,533,533,533,532,532,532,533,533,533
60,0,9,0.1,10,0.001,100,533,535,534,532,536,536,536,536,533,535
60,1,9,0.1,10,0.001,100,522,531,528,520,531,531,528,530,531,531
60,2,9,0.1,10,0.001,100,529,528,528,528,528,529,528,529,525,527
60,3,9,0.1,10,0.001,100,538,535,528,538,538,527,531,535,538,537
60,4,9,0.1,10,0.001,100,526,524,527,526,525,526,526,526,527,521
60,5,9,0.1,10,0.001,100,533,533,528,531,533,532,528,533,513,533
60,6,9,0.1,10,0.001,100,529,529,527,525,531,529,529,528,525,527
60,7,9,0.1,10,0.001,100,532,534,535,534,535,534,529,535,535,530
60,8,9,0.1,10,0.001,100,528,530,528,529,528,526,523,530,527,525
60,9,9,0.1,10,0.001,100,531,527,532,531,532,532,531,532,532,532
60,0,33,0.1,10,0.001,100,536,535,535,532,536,536,536,536,536,536
60,1,33,0.1,10,0.001,100,528,532,528,531,531,532,531,532,532,531
60,2,33,0.1,10,0.001,100,529,526,529,529,528,529,526,528,518,529
60,3,33,0.1,10,0.001,100,534,537,536,535,529,538,531,536,538,538
60,4,33,0.1,10,0.001,100,523,527,526,527,521,472,525,523,527,526
60,5,33,0.1,10,0.001,100,533,530,533,530,528,528,533,533,501,533
60,6,33,0.1,10,0.001,100,526,529,529,528,531,528,520,525,530,530
60,7,33,0.1,10,0.001,100,532,522,532,530,528,533,511,512,532,532
60,8,33,0.1,10,0.001,100,527,527,526,526,517,530,526,526,528,526
60,9,33,0.1,10,0.001,100,531,527,531,532,530,532,533,524,532,533
60,0,5,1,10,0.001,100,529,529,527,518,510,527,520,525,523,523
60,1,5,1,10,0.001,100,506,523,518,523,518,520,506,517,508,511
60,2,5,1,10,0.001,100,511,516,514,521,516,512,514,511,520,522
60,3,5,1,10,0.001,100,523,523,527,515,519,530,521,509,525,522
60,4,5,1,10,0.001,100,516,521,497,517,522,510,509,510,515,515
60,5,5,1,10,0.001,100,510,516,518,524,511,510,519,520,511,517
60,6,5,1,10,0.001,100,528,517,517,515,528,509,521,520,516,528
60,7,5,1,10,0.001,100,528,532,531,530,525,520,524,526,531,523
60,8,5,1,10,0.001,100,520,517,514,519,518,517,512,516,509,517
60,9,5,1,10,0.001,100,517,528,529,524,527,523,530,524,529,520
80,0,5,1,10,0.001,100,918,910,916,916,910,923,912,908,922,916
80,1,5,1,10,0.001,100,937,931,936,940,921,906,936,940,915,925
80,2,5,1,10,0.001,100,912,918,924,925,930,927,911,909,915,908
80,3,5,1,10,0.001,100,913,910,908,909,904,914,905,913,907,904
80,4,5,1,10,0.001,100,922,919,912,921,891,913,921,918,920,922
80,5,5,1,10,0.001,100,897,911,905,916,913,919,894,905,900,908
80,6,5,1,10,0.001,100,911,912,912,912,926,907,905,918,904,926
80,7,5,1,10,0.001,100,899,903,915,908,921,910,904,917,922,915
80,8,5,1,10,0.001,100,901,909,909,916,898,914,905,915,900,908
80,9,5,1,10,0.001,100,905,912,900,907,911,904,908,906,899,896
100,0,5,1,10,0.001,100,1420,1407,1418,1411,1423,1417,1403,1408,1398,1418
100,1,5,1,10,0.001,100,1413,1406,1414,1423,1412,1395,1404,1412,1415,1412
100,2,5,1,10,0.001,100,1426,1420,1409,1411,1387,1421,1397,1418,1425,1391
100,3,5,1,10,0.001,100,1411,1414,1404,1406,1403,1402,1418,1394,1404,1410
100,4,5,1,10,0.001,100,1410,1436,1426,1423,1433,1424,1424,1421,1426,1424
100,5,5,1,10,0.001,100,1398,1408,1427,1396,1410,1420,1431,1409,1401,1427
100,6,5,1,10,0.001,100,1402,1393,1408,1416,1421,1416,1412,1419,1432,1407
100,7,5,1,10,0.001,100,1421,1419,1402,1421,1410,1411,1406,1421,1424,1422
100,8,5,1,10,0.001,100,1401,1425,1417,1403,1419,1412,1429,1424,1398,1411
100,9,5,1,10,0.001,100,1404,1410,1406,1415,1411,1415,1388,1421,1414,1423
60,0,5,0.1,10,0.001,100,536,535,531,536,533,535,534,536,536,536
60,1,5,0.1,10,0.001,100,532,532,528,531,532,531,528,520,531,532
60,2,5,0.1,10,0.001,100,529,528,528,526,525,528,528,528,528,529
60,3,5,0.1,10,0.001,100,528,527,538,536,524,536,538,527,538,537
60,4,5,0.1,10,0.001,100,526,526,523,524,524,524,526,527,525,526
60,5,5,0.1,10,0.001,100,524,523,533,533,532,531,522,532,533,532
60,6,5,0.1,10,0.001,100,530,528,530,531,526,528,530,522,523,524
60,7,5,0.1,10,0.001,100,532,535,528,534,534,535,525,533,533,534
60,8,5,0.1,10,0.001,100,530,524,525,524,530,528,526,528,528,526
60,9,5,0.1,10,0.001,100,532,532,533,533,531,532,533,532,533,533
80,0,5,0.1,10,0.001,100,922,925,927,920,923,923,925,924,928,924
80,1,5,0.1,10,0.001,100,939,941,934,941,941,939,940,941,933,941
80,2,5,0.1,10,0.001,100,933,933,933,930,932,928,931,920,929,934
80,3,5,0.1,10,0.001,100,905,918,921,919,917,919,922,919,920,920
80,4,5,0.1,10,0.001,100,931,922,931,924,929,925,920,913,903,932
80,5,5,0.1,10,0.001,100,918,926,924,921,921,921,917,922,919,919
80,6,5,0.1,10,0.001,100,921,921,925,919,922,926,927,929,920,925
80,7,5,0.1,10,0.001,100,922,927,923,919,929,909,920,923,929,922
80,8,5,0.1,10,0.001,100,907,925,897,922,922,923,921,919,924,918
80,9,5,0.1,10,0.001,100,923,921,922,920,922,920,920,922,918,918
100,0,5,0.1,10,0.001,100,1421,1427,1429,1426,1414,1420,1418,1421,1419,1426
100,1,5,0.1,10,0.001,100,1423,1414,1413,1424,1419,1423,1420,1416,1416,1424
100,2,5,0.1,10,0.001,100,1424,1430,1426,1416,1428,1429,1423,1425,1427,1417
100,3,5,0.1,10,0.001,100,1424,1419,1416,1420,1407,1418,1414,1420,1421,1406
100,4,5,0.1,10,0.001,100,1439,1428,1430,1414,1435,1436,1438,1438,1440,1433
100,5,5,0.1,10,0.001,100,1432,1417,1425,1430,1423,1433,1436,1431,1418,1423
100,6,5,0.1,10,0.001,100,1432,1432,1431,1429,1429,1407,1405,1420,1433,1427
100,7,5,0.1,10,0.001,100,1429,1418,1430,1430,1430,1415,1430,1430,1426,1416
100,8,5,0.1,10,0.001,100,1430,1428,1424,1419,1410,1428,1431,1418,1418,1408
100,9,5,0.1,10,0.001,100,1420,1420,1421,1418,1419,1417,1429,1425,1430,1409
60,0,5,0.01,10,0.001,100,517,533,513,515,501,502,496,522,523,496
60,1,5,0.01,10,0.001,100,495,504,518,506,525,486,515,509,520,511
60,2,5,0.01,10,0.001,100,500,507,508,496,520,505,486,503,487,473
60,3,5,0.01,10,0.001,100,519,499,510,519,524,527,531,521,511,518
60,4,5,0.01,10,0.001,100,506,507,505,514,504,493,522,510,524,487
60,5,5,0.01,10,0.001,100,512,508,503,517,507,512,486,500,492,505
60,6,5,0.01,10,0.001,100,488,501,495,492,502,518,518,498,516,501
60,7,5,0.01,10,0.001,100,512,494,519,520,530,525,499,508,515,520
60,8,5,0.01,10,0.001,100,519,519,505,514,506,530,509,478,511,482
60,9,5,0.01,10,0.001,100,521,504,532,529,511,486,524,515,522,486
80,0,5,0.01,10,0.001,100,911,876,858,896,866,889,893,888,886,876
80,1,5,0.01,10,0.001,100,900,920,938,883,849,898,893,884,903,923
80,2,5,0.01,10,0.001,100,883,930,877,879,860,899,911,886,877,867
80,3,5,0.01,10,0.001,100,897,898,865,888,879,890,879,883,859,890
80,4,5,0.01,10,0.001,100,877,891,893,901,903,904,878,916,895,859
80,5,5,0.01,10,0.001,100,867,896,891,895,875,893,873,909,891,887
80,6,5,0.01,10,0.001,100,898,892,866,901,845,866,898,877,870,915
80,7,5,0.01,10,0.001,100,844,907,905,872,904,845,888,888,870,896
80,8,5,0.01,10,0.001,100,859,869,881,890,901,857,908,889,903,854
80,9,5,0.01,10,0.001,100,843,884,865,868,857,869,886,892,894,865
100,0,5,0.01,10,0.001,100,1369,1372,1404,1340,1386,1351,1341,1400,1361,1346
100,1,5,0.01,10,0.001,100,1355,1341,1385,1412,1392,1374,1360,1391,1389,1405
100,2,5,0.01,10,0.001,100,1298,1344,1392,1366,1403,1378,1356,1352,1389,1382
100,3,5,0.01,10,0.001,100,1369,1359,1366,1376,1355,1298,1379,1386,1347,1380
100,4,5,0.01,10,0.001,100,1344,1402,1390,1331,1392,1401,1375,1347,1369,1387
100,5,5,0.01,10,0.001,100,1359,1370,1393,1401,1373,1354,1419,1387,1365,1392
100,6,5,0.01,10,0.001,100,1354,1325,1357,1354,1343,1333,1368,1319,1383,1392
100,7,5,0.01,10,0.001,100,1377,1350,1365,1406,1359,1354,1370,1349,1372,1347
100,8,5,0.01,10,0.001,100,1355,1360,1386,1397,1365,1352,1344,1397,1364,1359
100,9,5,0.01,10,0.001,100,1368,1380,1363,1378,1375,1390,1362,1371,1343,1341
60,0,9,1,10,0.001,100,515,519,532,514,535,516,521,517,525,516
60,1,9,1,10,0.001,100,527,523,531,506,517,522,529,518,513,508
60,2,9,1,10,0.001,100,516,518,512,507,515,521,521,525,519,496
60,3,9,1,10,0.001,100,535,516,519,528,518,528,510,517,500,513
60,4,9,1,10,0.001,100,506,507,508,516,516,519,504,517,503,508
60,5,9,1,10,0.001,100,515,518,522,512,506,524,513,511,516,518
60,6,9,1,10,0.001,100,510,517,522,526,513,525,516,517,519,506
60,7,9,1,10,0.001,100,526,523,528,522,531,529,520,533,525,520
60,8,9,1,10,0.001,100,509,517,517,517,507,516,519,511,518,523
60,9,9,1,10,0.001,100,518,529,532,518,521,522,519,519,526,527
80,0,9,1,10,0.001,100,913,906,899,916,924,898,911,892,910,910
80,1,9,1,10,0.001,100,908,929,941,932,900,924,924,903,923,902
80,2,9,1,10,0.001,100,914,916,912,914,913,919,910,925,908,902
80,3,9,1,10,0.001,100,909,916,902,907,904,906,891,900,909,907
80,4,9,1,10,0.001,100,912,922,915,900,917,911,908,923,904,911
80,5,9,1,10,0.001,100,899,913,917,894,910,896,902,908,905,913
80,6,9,1,10,0.001,100,901,904,912,918,903,893,920,916,907,901
80,7,9,1,10,0.001,100,911,896,893,898,898,902,911,911,903,906
80,8,9,1,10,0.001,100,905,908,900,887,899,905,915,911,906,898
80,9,9,1,10,0.001,100,891,892,889,912,892,907,905,908,894,910
100,0,9,1,10,0.001,100,1398,1399,1400,1412,1389,1396,1414,1411,1400,1398
100,1,9,1,10,0.001,100,1401,1398,1416,1415,1403,1391,1395,1408,1408,1410
100,2,9,1,10,0.001,100,1420,1413,1399,1396,1393,1405,1429,1408,1419,1419
100,3,9,1,10,0.001,100,1389,1399,1406,1395,1388,1378,1401,1392,1396,1396
100,4,9,1,10,0.001,100,1410,1419,1427,1402,1403,1411,1430,1429,1391,1394
100,5,9,1,10,0.001,100,1419,1411,1402,1431,1403,1428,1429,1425,1426,1396
100,6,9,1,10,0.001,100,1400,1403,1389,1399,1410,1427,1396,1395,1429,1414
100,7,9,1,10,0.001,100,1415,1406,1416,1418,1395,1406,1412,1410,1407,1413
100,8,9,1,10,0.001,100,1406,1423,1405,1409,1423,1410,1405,1405,1419,1405
100,9,9,1,10,0.001,100,1400,1404,1391,1413,1405,1406,1415,1407,1403,1395
60,0,9,0.1,10,0.001,100,535,536,533,533,535,531,535,534,534,533
60,1,9,0.1,10,0.001,100,531,532,532,529,530,531,532,531,529,532
60,2,9,0.1,10,0.001,100,528,528,527,527,528,529,527,529,529,522
60,3,9,0.1,10,0.001,100,538,533,538,538,538,536,536,538,536,538
60,4,9,0.1,10,0.001,100,527,527,526,527,525,526,527,526,523,527
60,5,9,0.1,10,0.001,100,531,533,527,524,533,518,525,519,533,518
60,6,9,0.1,10,0.001,100,529,530,531,528,530,528,529,529,530,531
60,7,9,0.1,10,0.001,100,535,535,535,535,535,533,524,519,534,531
60,8,9,0.1,10,0.001,100,522,530,525,526,528,522,528,530,525,528
60,9,9,0.1,10,0.001,100,531,532,532,531,532,533,532,532,532,533
80,0,9,0.1,10,0.001,100,929,925,928,928,929,926,928,926,919,923
80,1,9,0.1,10,0.001,100,941,941,940,934,935,936,940,941,941,940
80,2,9,0.1,10,0.001,100,932,930,931,934,927,927,928,928,932,926
80,3,9,0.1,10,0.001,100,917,913,920,923,920,919,920,916,918,922
80,4,9,0.1,10,0.001,100,929,921,931,932,931,932,931,932,932,927
80,5,9,0.1,10,0.001,100,918,923,925,920,922,924,924,922,925,923
80,6,9,0.1,10,0.001,100,913,929,927,913,927,929,923,928,926,918
80,7,9,0.1,10,0.001,100,919,928,919,920,920,928,925,923,929,927
80,8,9,0.1,10,0.001,100,924,919,925,916,921,923,922,916,924,922
80,9,9,0.1,10,0.001,100,919,917,919,909,923,918,921,915,915,912
100,0,9,0.1,10,0.001,100,1430,1398,1425,1427,1430,1430,1430,1430,1426,1428
100,1,9,0.1,10,0.001,100,1422,1421,1423,1425,1424,1423,1424,1416,1424,1419
100,2,9,0.1,10,0.001,100,1430,1429,1430,1432,1430,1419,1432,1432,1432,1420
100,3,9,0.1,10,0.001,100,1414,1419,1419,1386,1415,1423,1418,1418,1417,1418
100,4,9,0.1,10,0.001,100,1436,1433,1439,1384,1440,1437,1433,1440,1430,1440
100,5,9,0.1,10,0.001,100,1435,1435,1432,1434,1431,1406,1435,1435,1428,1435
100,6,9,0.1,10,0.001,100,1432,1434,1434,1431,1434,1432,1371,1423,1434,1429
100,7,9,0.1,10,0.001,100,1429,1429,1421,1425,1424,1430,1419,1425,1429,1421
100,8,9,0.1,10,0.001,100,1423,1422,1423,1426,1425,1429,1429,1424,1431,1431
100,9,9,0.1,10,0.001,100,1428,1425,1423,1422,1424,1428,1424,1425,1416,1425
60,0,9,0.01,10,0.001,100,505,486,529,505,518,486,493,536,497,532
60,1,9,0.01,10,0.001,100,507,528,525,502,513,516,488,520,501,477
60,2,9,0.01,10,0.001,100,503,477,490,494,489,506,501,500,504,508
60,3,9,0.01,10,0.001,100,525,529,525,523,531,534,498,507,493,500
60,4,9,0.01,10,0.001,100,510,494,514,519,510,526,486,495,493,487
60,5,9,0.01,10,0.001,100,520,516,503,503,492,501,501,474,504,504
60,6,9,0.01,10,0.001,100,509,502,499,510,512,498,497,491,490,508
60,7,9,0.01,10,0.001,100,491,521,520,520,504,518,499,529,495,520
60,8,9,0.01,10,0.001,100,516,506,508,504,506,504,496,496,490,502
60,9,9,0.01,10,0.001,100,502,495,509,506,512,500,529,514,510,478
80,0,9,0.01,10,0.001,100,874,879,860,881,890,873,864,903,875,888
80,1,9,0.01,10,0.001,100,937,920,907,936,896,892,929,892,910,843
80,2,9,0.01,10,0.001,100,861,897,860,891,890,893,916,862,879,895
80,3,9,0.01,10,0.001,100,866,868,903,891,886,918,860,872,884,905
80,4,9,0.01,10,0.001,100,896,889,900,916,910,874,892,884,871,853
80,5,9,0.01,10,0.001,100,889,830,882,901,906,864,898,917,849,863
80,6,9,0.01,10,0.001,100,849,883,871,878,862,866,852,900,884,857
80,7,9,0.01,10,0.001,100,865,873,895,869,892,879,858,848,874,909
80,8,9,0.01,10,0.001,100,901,856,876,876,888,875,870,887,867,895
80,9,9,0.01,10,0.001,100,868,880,884,870,879,853,888,885,852,881
100,0,9,0.01,10,0.001,100,1371,1352,1329,1370,1345,1357,1323,1387,1381,1357
100,1,9,0.01,10,0.001,100,1339,1389,1366,1334,1373,1353,1384,1348,1362,1376
100,2,9,0.01,10,0.001,100,1399,1366,1362,1346,1382,1356,1355,1330,1337,1395
100,3,9,0.01,10,0.001,100,1357,1330,1365,1377,1338,1343,1398,1354,1366,1347
100,4,9,0.01,10,0.001,100,1382,1360,1392,1375,1358,1403,1392,1414,1386,1379
100,5,9,0.01,10,0.001,100,1407,1350,1364,1332,1360,1423,1337,1351,1349,1375
100,6,9,0.01,10,0.001,100,1376,1340,1341,1382,1392,1377,1350,1360,1352,1354
100,7,9,0.01,10,0.001,100,1357,1349,1353,1321,1383,1368,1358,1367,1299,1336
100,8,9,0.01,10,0.001,100,1376,1358,1387,1395,1378,1361,1386,1376,1348,1391
100,9,9,0.01,10,0.001,100,1375,1372,1399,1346,1355,1384,1391,1316,1374,1327
60,0,17,1,10,0.001,100,524,522,511,518,511,516,524,525,520,519
60,1,17,1,10,0.001,100,507,508,512,517,520,512,515,508,510,522
60,2,17,1,10,0.001,100,516,517,517,515,504,508,507,509,518,512
60,3,17,1,10,0.001,100,509,518,509,521,512,522,512,518,524,519
60,4,17,1,10,0.001,100,513,514,515,510,511,509,517,512,511,513
60,5,17,1,10,0.001,100,520,511,522,512,516,509,508,511,504,513
60,6,17,1,10,0.001,100,513,507,514,510,503,519,518,509,510,516
60,7,17,1,10,0.001,100,523,506,511,513,516,510,521,527,521,522
60,8,17,1,10,0.001,100,519,522,516,524,522,512,510,510,523,519
60,9,17,1,10,0.001,100,512,526,519,509,520,517,529,511,520,522
80,0,17,1,10,0.001,100,903,901,907,907,903,913,904,900,885,908
80,1,17,1,10,0.001,100,896,928,893,885,911,931,918,908,912,924
80,2,17,1,10,0.001,100,906,911,902,933,904,906,896,921,909,906
80,3,17,1,10,0.001,100,897,912,897,909,896,901,892,895,901,915
80,4,17,1,10,0.001,100,914,897,914,897,908,917,903,907,914,909
80,5,17,1,10,0.001,100,907,897,895,905,898,903,898,885,900,883
80,6,17,1,10,0.001,100,908,904,917,901,901,907,906,897,891,903
80,7,17,1,10,0.001,100,909,901,902,917,897,920,889,900,915,905
80,8,17,1,10,0.001,100,896,885,905,900,898,902,903,901,902,890
80,9,17,1,10,0.001,100,905,885,890,898,911,881,901,906,887,904
100,0,17,1,10,0.001,100,1416,1401,1380,1400,1404,1384,1407,1392,1382,1394
100,1,17,1,10,0.001,100,1389,1397,1405,1399,1416,1394,1389,1399,1406,1397
100,2,17,1,10,0.001,100,1408,1381,1385,1405,1405,1397,1393,1430,1409,1398
100,3,17,1,10,0.001,100,1393,1395,1399,1385,1396,1371,1384,1397,1408,1388
100,4,17,1,10,0.001,100,1392,1416,1409,1399,1428,1405,1391,1405,1403,1421
100,5,17,1,10,0.001,100,1389,1427,1401,1419,1386,1401,1403,1391,1394,1421
100,6,17,1,10,0.001,100,1389,1384,1385,1411,1408,1390,1412,1406,1391,1394
100,7,17,1,10,0.001,100,1382,1400,1395,1406,1388,1389,1393,1388,1404,1403
100,8,17,1,10,0.001,100,1407,1390,1401,1398,1407,1419,1406,1389,1417,1411
100,9,17,1,10,0.001,100,1387,1400,1387,1415,1388,1394,1397,1404,1375,1404
60,0,17,0.1,10,0.001,100,536,534,536,536,534,535,535,536,536,535
60,1,17,0.1,10,0.001,100,531,531,529,532,531,532,531,531,532,532
60,2,17,0.1,10,0.001,100,529,527,527,528,528,529,527,528,528,528
60,3,17,0.1,10,0.001,100,538,536,538,524,518,538,538,538,536,538
60,4,17,0.1,10,0.001,100,527,527,525,526,527,527,512,526,526,527
60,5,17,0.1,10,0.001,100,533,529,533,533,529,532,533,533,533,533
60,6,17,0.1,10,0.001,100,528,527,530,529,530,531,530,528,530,530
60,7,17,0.1,10,0.001,100,531,535,535,535,535,534,535,534,534,535
60,8,17,0.1,10,0.001,100,527,530,527,526,527,529,528,528,529,530
60,9,17,0.1,10,0.001,100,533,507,533,533,532,532,532,533,532,532
80,0,17,0.1,10,0.001,100,918,928,929,929,907,929,912,927,929,929
80,1,17,0.1,10,0.001,100,941,914,941,941,902,941,940,941,941,941
80,2,17,0.1,10,0.001,100,934,934,934,932,934,933,934,934,911,933
80,3,17,0.1,10,0.001,100,921,919,921,917,918,922,921,918,921,916
80,4,17,0.1,10,0.001,100,931,928,930,931,911,929,932,924,932,932
80,5,17,0.1,10,0.001,100,925,923,925,901,918,926,925,926,922,924
80,6,17,0.1,10,0.001,100,927,926,921,928,915,929,917,925,929,927
80,7,17,0.1,10,0.001,100,929,929,926,929,929,928,929,928,923,929
80,8,17,0.1,10,0.001,100,924,899,922,921,922,922,916,924,922,924
80,9,17,0.1,10,0.001,100,923,923,920,922,921,923,922,921,923,923
100,0,17,0.1,10,0.001,100,1429,1425,1424,1430,1428,1430,1422,1430,1428,1345
100,1,17,0.1,10,0.001,100,1418,1424,1423,1424,1423,1418,1423,1424,1425,1424
100,2,17,0.1,10,0.001,100,1432,1432,1432,1430,1431,1432,1427,1426,1432,1432
100,3,17,0.1,10,0.001,100,1423,1424,1416,1420,1419,1420,1416,1423,1420,1421
100,4,17,0.1,10,0.001,100,1438,1427,1399,1415,1440,1408,1440,1438,1428,1432
100,5,17,0.1,10,0.001,100,1435,1431,1425,1434,1436,1374,1434,1424,1435,1435
100,6,17,0.1,10,0.001,100,1434,1431,1432,1434,1428,1420,1434,1409,1434,1433
100,7,17,0.1,10,0.001,100,1426,1429,1430,1429,1428,1431,1423,1419,1429,1391
100,8,17,0.1,10,0.001,100,1427,1430,1425,1430,1431,1432,1428,1429,1431,1431
100,9,17,0.1,10,0.001,100,1424,1430,1429,1406,1426,1395,1423,1427,1428,1425
60,0,17,0.01,10,0.001,100,481,511,477,517,517,507,501,496,532,525
60,1,17,0.01,10,0.001,100,531,519,509,531,507,517,513,532,526,501
60,2,17,0.01,10,0.001,100,486,510,509,485,505,500,497,507,507,478
60,3,17,0.01,10,0.001,100,527,497,516,533,503,515,512,536,531,528
60,4,17,0.01,10,0.001,100,501,484,482,502,502,507,511,505,511,494
60,5,17,0.01,10,0.001,100,507,502,520,517,507,512,521,502,513,500
60,6,17,0.01,10,0.001,100,489,487,493,488,516,513,506,515,516,506
60,7,17,0.01,10,0.001,100,535,513,520,511,509,496,518,496,505,514
60,8,17,0.01,10,0.001,100,496,512,500,512,518,494,497,526,518,519
60,9,17,0.01,10,0.001,100,528,530,525,525,511,503,516,464,522,521
80,0,17,0.01,10,0.001,100,895,911,882,912,885,875,892,870,877,898
80,1,17,0.01,10,0.001,100,926,938,858,940,941,939,934,922,941,902
80,2,17,0.01,10,0.001,100,886,887,855,853,860,882,878,910,919,888
80,3,17,0.01,10,0.001,100,891,908,858,878,904,880,882,897,868,881
80,4,17,0.01,10,0.001,100,880,825,845,874,890,909,873,884,875,839
80,5,17,0.01,10,0.001,100,884,893,896,917,877,919,879,913,891,865
80,6,17,0.01,10,0.001,100,890,899,883,867,925,889,872,854,870,880
80,7,17,0.01,10,0.001,100,865,889,890,872,891,907,889,834,881,859
80,8,17,0.01,10,0.001,100,886,835,857,889,882,851,894,896,888,892
80,9,17,0.01,10,0.001,100,868,883,907,888,894,887,880,896,872,887
100,0,17,0.01,10,0.001,100,1361,1381,1411,1323,1368,1363,1380,1363,1366,1365
100,1,17,0.01,10,0.001,100,1382,1347,1384,1364,1337,1360,1375,1390,1309,1406
100,2,17,0.01,10,0.001,100,1370,1383,1374,1361,1356,1415,1344,1359,1331,1392
100,3,17,0.01,10,0.001,100,1370,1392,1381,1359,1347,1370,1334,1314,1327,1362
100,4,17,0.01,10,0.001,100,1390,1367,1353,1306,1344,1431,1378,1416,1359,1419
100,5,17,0.01,10,0.001,100,1409,1354,1322,1344,1412,1416,1338,1372,1363,1361
100,6,17,0.01,10,0.001,100,1342,1338,1389,1354,1409,1358,1328,1389,1357,1388
100,7,17,0.01,10,0.001,100,1318,1370,1401,1376,1414,1353,1380,1389,1375,1400
100,8,17,0.01,10,0.001,100,1320,1374,1392,1399,1321,1390,1368,1365,1352,1397
100,9,17,0.01,10,0.001,100,1349,1321,1367,1368,1368,1332,1368,1375,1338,1378
60,0,33,1,10,0.001,100,526,513,516,516,522,520,509,508,527,518
60,1,33,1,10,0.001,100,527,511,514,512,510,511,509,522,504,510
60,2,33,1,10,0.001,100,513,517,513,508,502,514,518,515,520,507
60,3,33,1,10,0.001,100,526,517,523,526,508,518,511,508,520,524
60,4,33,1,10,0.001,100,503,512,509,510,511,503,520,516,501,514
60,5,33,1,10,0.001,100,503,517,501,518,523,521,522,520,505,507
60,6,33,1,10,0.001,100,506,513,508,512,525,518,510,510,514,516
60,7,33,1,10,0.001,100,525,523,514,523,525,520,510,523,517,515
60,8,33,1,10,0.001,100,513,508,507,511,517,518,519,515,514,519
60,9,33,1,10,0.001,100,514,512,517,527,515,530,505,510,517,518
80,0,33,1,10,0.001,100,893,899,903,906,897,899,905,904,920,906
80,1,33,1,10,0.001,100,902,907,904,906,895,885,878,926,917,918
80,2,33,1,10,0.001,100,904,908,898,896,897,905,918,903,908,931
80,3,33,1,10,0.001,100,909,900,905,894,900,906,904,912,893,909
80,4,33,1,10,0.001,100,908,897,903,896,911,923,894,908,887,890
80,5,33,1,10,0.001,100,908,895,904,895,892,890,911,900,898,895
80,6,33,1,10,0.001,100,916,912,895,900,908,910,909,898,901,897
80,7,33,1,10,0.001,100,907,892,901,903,902,904,900,907,902,910
80,8,33,1,10,0.001,100,904,889,891,905,900,901,903,887,893,893
80,9,33,1,10,0.001,100,893,903,906,901,911,897,901,909,894,884
100,0,33,1,10,0.001,100,1378,1395,1392,1390,1405,1383,1389,1398,1397,1395
100,1,33,1,10,0.001,100,1382,1375,1403,1389,1392,1401,1393,1394,1397,1403
100,2,33,1,10,0.001,100,1392,1381,1400,1394,1391,1399,1395,1400,1384,1381
100,3,33,1,10,0.001,100,1398,1401,1394,1392,1392,1385,1378,1385,1378,1400
100,4,33,1,10,0.001,100,1363,1404,1419,1400,1417,1391,1390,1390,1388,1397
100,5,33,1,10,0.001,100,1402,1402,1399,1383,1412,1396,1391,1388,1388,1399
100,6,33,1,10,0.001,100,1400,1401,1405,1401,1384,1393,1397,1389,1387,1388
100,7,33,1,10,0.001,100,1393,1390,1391,1401,1389,1399,1392,1415,1385,1398
100,8,33,1,10,0.001,100,1400,1403,1401,1383,1406,1392,1393,1375,1400,1405
100,9,33,1,10,0.001,100,1403,1400,1414,1401,1389,1377,1398,1389,1402,1403
60,0,33,0.1,10,0.001,100,534,536,535,536,536,517,536,536,536,522
60,1,33,0.1,10,0.001,100,532,529,531,518,531,532,532,513,532,532
60,2,33,0.1,10,0.001,100,523,529,526,529,527,525,528,528,527,529
60,3,33,0.1,10,0.001,100,536,537,536,536,535,538,520,534,538,537
60,4,33,0.1,10,0.001,100,522,517,504,509,513,525,527,527,526,526
60,5,33,0.1,10,0.001,100,531,528,533,533,527,530,531,531,525,533
60,6,33,0.1,10,0.001,100,529,530,530,530,522,525,530,528,529,523
60,7,33,0.1,10,0.001,100,535,533,534,535,535,534,535,530,535,535
60,8,33,0.1,10,0.001,100,517,528,528,525,521,521,526,527,528,508
60,9,33,0.1,10,0.001,100,533,532,533,533,491,531,531,505,532,532
80,0,33,0.1,10,0.001,100,924,921,922,926,925,928,921,922,922,929
80,1,33,0.1,10,0.001,100,941,941,941,941,941,941,937,940,934,941
80,2,33,0.1,10,0.001,100,929,934,928,930,933,930,933,934,852,881
80,3,33,0.1,10,0.001,100,922,921,922,909,918,913,921,918,919,904
80,4,33,0.1,10,0.001,100,932,932,929,932,932,909,902,932,931,930
80,5,33,0.1,10,0.001,100,923,922,906,904,921,920,911,925,926,925
80,6,33,0.1,10,0.001,100,928,927,929,922,909,924,929,926,928,916
80,7,33,0.1,10,0.001,100,879,926,923,928,928,929,928,929,928,918
80,8,33,0.1,10,0.001,100,917,922,924,921,921,919,918,922,921,922
80,9,33,0.1,10,0.001,100,917,923,922,923,920,920,917,923,922,923
100,0,33,0.1,10,0.001,100,1413,1420,1428,1429,1429,1425,1423,1417,1427,1373
100,1,33,0.1,10,0.001,100,1422,1423,1423,1411,1415,1419,1424,1415,1424,1424
100,2,33,0.1,10,0.001,100,1432,1432,1432,1432,1432,1432,1397,1425,1412,1429
100,3,33,0.1,10,0.001,100,1419,1391,1397,1395,1414,1383,1418,1403,1401,1419
100,4,33,0.1,10,0.001,100,1433,1439,1439,1418,1412,1437,1440,1436,1432,1440
100,5,33,0.1,10,0.001,100,1434,1434,1406,1432,1433,1434,1436,1434,1385,1435
100,6,33,0.1,10,0.001,100,1429,1417,1429,1381,1293,1429,1434,1434,1407,1433
100,7,33,0.1,10,0.001,100,1350,1431,1430,1428,1431,1424,1429,1430,1426,1430
100,8,33,0.1,10,0.001,100,1429,1427,1429,1420,1386,1412,1428,1424,1427,1428
100,9,33,0.1,10,0.001,100,1426,1422,1428,1424,1427,1422,1394,1421,1418,1428
60,0,33,0.01,10,0.001,100,528,536,535,523,536,500,527,523,518,536
60,1,33,0.01,10,0.001,100,515,532,520,511,498,532,527,511,526,531
60,2,33,0.01,10,0.001,100,498,529,501,493,502,496,519,515,492,508
60,3,33,0.01,10,0.001,100,506,499,531,536,495,538,538,528,516,538
60,4,33,0.01,10,0.001,100,498,509,514,522,495,527,487,526,501,508
60,5,33,0.01,10,0.001,100,507,506,510,519,519,520,533,515,520,517
60,6,33,0.01,10,0.001,100,495,505,496,491,496,497,500,529,481,509
60,7,33,0.01,10,0.001,100,528,521,522,495,535,525,510,502,481,503
60,8,33,0.01,10,0.001,100,490,501,523,486,516,505,513,518,475,487
60,9,33,0.01,10,0.001,100,520,526,492,526,532,527,517,526,525,526
80,0,33,0.01,10,0.001,100,879,912,889,893,923,895,890,897,895,913
80,1,33,0.01,10,0.001,100,940,941,926,933,872,931,941,915,940,941
80,2,33,0.01,10,0.001,100,910,915,920,865,899,858,901,917,913,914
80,3,33,0.01,10,0.001,100,886,904,867,855,893,898,883,883,909,892
80,4,33,0.01,10,0.001,100,883,815,893,894,882,931,917,885,884,900
80,5,33,0.01,10,0.001,100,896,918,881,903,920,875,872,879,840,891
80,6,33,0.01,10,0.001,100,884,905,913,914,860,880,915,855,906,901
80,7,33,0.01,10,0.001,100,924,892,909,909,901,890,908,842,879,904
80,8,33,0.01,10,0.001,100,850,923,913,912,904,894,890,886,899,882
80,9,33,0.01,10,0.001,100,908,899,890,872,883,884,917,911,918,879
100,0,33,0.01,10,0.001,100,1361,1393,1356,1354,1397,1349,1360,1425,1416,1362
100,1,33,0.01,10,0.001,100,1403,1397,1398,1369,1408,1416,1404,1398,1388,1347
100,2,33,0.01,10,0.001,100,1404,1419,1383,1348,1405,1397,1298,1414,1362,1383
100,3,33,0.01,10,0.001,100,1391,1369,1391,1345,1355,1384,1396,1392,1376,1386
100,4,33,0.01,10,0.001,100,1383,1365,1429,1296,1316,1412,1384,1418,1393,1406
100,5,33,0.01,10,0.001,100,1423,1363,1396,1374,1380,1335,1416,1420,1399,1407
100,6,33,0.01,10,0.001,100,1349,1380,1420,1359,1428,1393,1432,1381,1374,1418
100,7,33,0.01,10,0.001,100,1365,1321,1416,1392,1380,1422,1430,1427,1411,1425
100,8,33,0.01,10,0.001,100,1373,1330,1345,1358,1357,1369,1394,1364,1412,1339
100,9,33,0.01,10,0.001,100,1308,1364,1367,1402,1421,1374,1375,1398,1361,1417
60,0,65,1,10,0.001,100,505,509,514,527,499,509,524,523,496,503
60,1,65,1,10,0.001,100,508,511,508,507,505,518,513,519,516,511
60,2,65,1,10,0.001,100,515,515,498,512,490,500,507,512,498,508
60,3,65,1,10,0.001,100,518,519,502,522,498,515,515,508,526,498
60,4,65,1,10,0.001,100,494,518,510,507,516,511,502,499,507,520
60,5,65,1,10,0.001,100,510,504,505,515,500,512,510,512,519,512
60,6,65,1,10,0.001,100,515,512,512,506,512,526,502,510,512,509
60,7,65,1,10,0.001,100,522,506,516,509,521,515,514,520,508,521
60,8,65,1,10,0.001,100,519,494,506,505,501,506,494,501,511,504
60,9,65,1,10,0.001,100,503,493,518,518,519,520,500,494,511,529
80,0,65,1,10,0.001,100,892,917,902,885,916,895,889,868,910,895
80,1,65,1,10,0.001,100,903,900,908,887,874,893,926,880,922,895
80,2,65,1,10,0.001,100,891,892,899,912,909,911,901,903,900,924
80,3,65,1,10,0.001,100,898,876,894,907,898,901,890,910,891,905
80,4,65,1,10,0.001,100,895,908,898,908,895,903,908,893,918,928
80,5,65,1,10,0.001,100,895,900,897,876,902,899,897,904,900,907
80,6,65,1,10,0.001,100,884,894,896,916,901,890,890,904,901,914
80,7,65,1,10,0.001,100,910,913,902,890,900,902,908,915,898,883
80,8,65,1,10,0.001,100,901,899,907,898,905,888,897,892,893,894
80,9,65,1,10,0.001,100,899,880,886,892,887,903,879,900,883,877
100,0,65,1,10,0.001,100,1379,1385,1408,1378,1372,1374,1399,1382,1402,1383
100,1,65,1,10,0.001,100,1402,1401,1388,1402,1397,1379,1403,1392,1392,1401
100,2,65,1,10,0.001,100,1396,1375,1395,1397,1368,1393,1395,1383,1379,1389
100,3,65,1,10,0.001,100,1366,1399,1400,1387,1394,1390,1392,1401,1396,1382
100,4,65,1,10,0.001,100,1401,1389,1383,1412,1407,1380,1393,1405,1412,1400
100,5,65,1,10,0.001,100,1377,1428,1403,1379,1406,1387,1400,1404,1377,1408
100,6,65,1,10,0.001,100,1375,1398,1379,1410,1383,1383,1388,1388,1389,1399
100,7,65,1,10,0.001,100,1395,1386,1399,1394,1414,1394,1391,1398,1369,1387
100,8,65,1,10,0.001,100,1384,1384,1401,1400,1371,1398,1402,1375,1383,1394
100,9,65,1,10,0.001,100,1407,1395,1390,1388,1384,1398,1395,1411,1397,1413
60,0,65,0.1,10,0.001,100,528,534,535,536,519,536,535,533,536,534
60,1,65,0.1,10,0.001,100,532,434,527,529,513,532,532,531,529,532
60,2,65,0.1,10,0.001,100,528,526,526,524,519,529,526,521,527,517
60,3,65,0.1,10,0.001,100,497,506,524,535,536,531,536,514,500,534
60,4,65,0.1,10,0.001,100,527,520,523,509,523,516,527,520,523,483
60,5,65,0.1,10,0.001,100,531,533,533,529,529,531,501,533,531,526
60,6,65,0.1,10,0.001,100,530,530,520,505,522,510,527,525,515,502
60,7,65,0.1,10,0.001,100,532,500,535,534,533,531,530,534,523,535
60,8,65,0.1,10,0.001,100,526,524,507,524,491,525,523,523,526,530
60,9,65,0.1,10,0.001,100,531,532,509,532,532,524,527,533,530,464
80,0,65,0.1,10,0.001,100,925,922,895,905,927,902,903,915,925,929
80,1,65,0.1,10,0.001,100,937,941,939,866,941,941,937,941,915,940
80,2,65,0.1,10,0.001,100,908,906,930,929,918,921,913,928,934,930
80,3,65,0.1,10,0.001,100,920,920,913,901,898,916,911,911,911,920
80,4,65,0.1,10,0.001,100,930,931,932,930,923,932,931,928,896,924
80,5,65,0.1,10,0.001,100,921,904,899,908,911,914,899,878,923,918
80,6,65,0.1,10,0.001,100,890,927,929,892,897,919,923,924,917,921
80,7,65,0.1,10,0.001,100,913,920,858,905,925,926,916,921,926,920
80,8,65,0.1,10,0.001,100,894,919,921,923,894,917,913,916,907,921
80,9,65,0.1,10,0.001,100,882,884,923,919,866,917,920,917,923,920
100,0,65,0.1,10,0.001,100,1423,1425,1393,1386,1405,1425,1354,1425,1392,1424
100,1,65,0.1,10,0.001,100,1416,1422,1410,1364,1392,1413,1422,1421,1415,1420
100,2,65,0.1,10,0.001,100,1409,1421,1394,1430,1418,1429,1348,1432,1399,1432
100,3,65,0.1,10,0.001,100,1409,1399,1404,1402,1389,1400,1421,1399,1410,1418
100,4,65,0.1,10,0.001,100,1428,1373,1440,1436,1431,1432,1436,1435,1433,1425
100,5,65,0.1,10,0.001,100,1434,1362,1422,1396,1355,1422,1422,1435,1414,1430
100,6,65,0.1,10,0.001,100,1431,1427,1434,1433,1390,1432,1396,1432,1424,1427
100,7,65,0.1,10,0.001,100,1400,1430,1428,1427,1423,1389,1378,1430,1426,1396
100,8,65,0.1,10,0.001,100,1418,1423,1361,1351,1408,1419,1404,1402,1399,1426
100,9,65,0.1,10,0.001,100,1425,1412,1382,1395,1401,1415,1418,1408,1427,1405
60,0,65,0.01,10,0.001,100,534,533,536,535,536,535,536,536,533,536
60,1,65,0.01,10,0.001,100,531,521,504,513,532,510,531,526,530,509
60,2,65,0.01,10,0.001,100,512,525,529,515,510,516,506,527,515,504
60,3,65,0.01,10,0.001,100,538,538,523,538,533,533,538,538,530,529
60,4,65,0.01,10,0.001,100,511,513,511,527,523,501,527,525,510,504
60,5,65,0.01,10,0.001,100,531,527,533,526,529,533,533,528,519,509
60,6,65,0.01,10,0.001,100,514,511,501,489,513,490,517,530,512,515
60,7,65,0.01,10,0.001,100,527,533,528,514,535,535,528,491,534,535
60,8,65,0.01,10,0.001,100,497,525,523,530,518,510,530,511,525,526
60,9,65,0.01,10,0.001,100,493,518,532,532,468,531,532,529,513,502
80,0,65,0.01,10,0.001,100,903,929,895,882,897,904,891,914,913,907
80,1,65,0.01,10,0.001,100,941,935,851,941,866,940,937,941,939,938
80,2,65,0.01,10,0.001,100,916,934,934,875,910,910,909,913,928,886
80,3,65,0.01,10,0.001,100,917,880,894,904,907,911,905,901,874,902
80,4,65,0.01,10,0.001,100,920,882,917,904,921,902,890,920,926,930
80,5,65,0.01,10,0.001,100,906,878,875,895,921,912,917,914,878,840
80,6,65,0.01,10,0.001,100,928,921,924,909,919,897,866,886,887,919
80,7,65,0.01,10,0.001,100,929,879,894,865,929,891,880,929,864,883
80,8,65,0.01,10,0.001,100,856,915,865,877,869,909,862,892,876,925
80,9,65,0.01,10,0.001,100,875,880,860,896,898,923,869,871,856,899
100,0,65,0.01,10,0.001,100,1407,1380,1391,1337,1401,1372,1386,1422,1370,1386
100,1,65,0.01,10,0.001,100,1395,1376,1405,1408,1376,1417,1380,1368,1350,1351
100,2,65,0.01,10,0.001,100,1431,1402,1431,1360,1414,1427,1418,1429,1417,1396
100,3,65,0.01,10,0.001,100,1397,1394,1372,1380,1387,1301,1405,1380,1373,1380
100,4,65,0.01,10,0.001,100,1440,1385,1334,1440,1407,1413,1405,1374,1396,1379
100,5,65,0.01,10,0.001,100,1311,1423,1414,1387,1431,1367,1428,1421,1428,1402
100,6,65,0.01,10,0.001,100,1344,1410,1337,1381,1328,1433,1381,1405,1429,1396
100,7,65,0.01,10,0.001,100,1431,1351,1348,1405,1410,1349,1322,1377,1415,1421
100,8,65,0.01,10,0.001,100,1413,1425,1383,1358,1379,1426,1327,1368,1393,1388
100,9,65,0.01,10,0.001,100,1411,1354,1397,1394,1409,1405,1349,1411,1400,1397